"id","persona_existe","work_country_correcto","work_country_real","origen_documentado","expected_diaspora_correcto","expected_diaspora_sugerido","urls_validas","veredicto","explicacion","fuentes_nuevas"
"AS03","SI","SI","PH","SI","SI","","AMBAS","CONSERVAR","La ficha de la Academia Nacional (NAST PHL) existe y contiene la cita literal (fecha de nacimiento, De La Salle 1962, University Professor Emeritus UP Diliman). Wikipedia confirma nacionalidad filipina, National Scientist 2014, director fundador del UP Marine Science Institute y muerte el 1-dic-2019. Es autor academico real: su pagina de facultad en msi.upd.edu.ph lista articulos 2014-2017 y aparece en Coral Reefs y J. Exp. Mar. Biol. Ecol. Su ausencia en OpenAlex es un fallo de emparejamiento de nombre, no de existencia; el origen se apoya en nacionalidad documentada (titulo reservado a ciudadanos filipinos) y no en el apellido.","https://msi.upd.edu.ph/faculty/edgardo-d-gomez/|https://link.springer.com/article/10.1007/s00338-017-1558-9|https://transactions.nast.ph/wp-content/uploads/2024/10/TNP-2024_46_6_GS-Jacinto_NS-Gomez-Bioessay.pdf"
"AS07","SI","SI","GB","SI","SI","","AMBAS","CONSERVAR","Wikipedia da literalmente el lugar y ano de nacimiento citados (Tamil Nadu, India, 1952) y Britannica lo corrobora de forma independiente. Ambas fuentes situan su puesto en el MRC Laboratory of Molecular Biology, Cambridge, Reino Unido, desde 1999 hasta hoy. El pais US de OpenAlex corresponde a su etapa anterior en EE.UU. (doctorado en Ohio, Brookhaven/Utah) o a un homonimo; GB es correcto. Origen documentado por nacimiento, no por apellido.","https://www.britannica.com/biography/Venkatraman-Ramakrishnan"
"AS09","SI","SI","FR","SI","SI","","SOLO_1","CONSERVAR","[corregido 2026-09-28] La persona y el origen son solidos: Wikipedia confirma nacimiento el 4-jul-1936 en Dong Hoi y la salida de Vietnam hacia Francia en 1953, carrera integra en el CNRS (Directeur de Recherches 1991) y la medalla Tate 2011. PROBLEMA: source_url_2 (ww3.aip.org/.../tate-medal/jean-tran-thanh-van) redirige a www.aip.org y devuelve HTTP 404; la URL esta muerta y debe sustituirse por https://www.aip.org/news/jean-tran-thanh-van-wins-2011-tate-medal. Salvedad menor: desde 2013 dirige el ICISE en Quy Nhon (Vietnam), lo que explica el VN de OpenAlex, pero su institucion de carrera sigue siendo el CNRS en Francia, asi que FR es defendible.","https://www.aip.org/news/jean-tran-thanh-van-wins-2011-tate-medal|https://rencontresduvietnam.org/jean-tran-thanh-van-receives-tate-medal/"
"ME03","SI","SI","US","SI","SI","","AMBAS","CONSERVAR","Ambas URLs existen y coinciden: Wikipedia da 12-may-1977 en Teheran, Iran, y el obituario de The Stanford Daily (17-jul-2017) confirma que nacio y se crio en Teheran y que era profesora de matematicas en Stanford desde 2008 hasta su muerte. El pais IR de OpenAlex refleja su etapa en Sharif o un emparejamiento erroneo; US es correcto como pais al final de la carrera. Origen documentado por lugar de nacimiento.","https://stanforddaily.com/2017/07/17/obituary-maryam-mirzakhani-math-professor-and-fields-medal-trailblazer-dies-at-40/"
"ME06","SI","SI","FR","SI","SI","","AMBAS","CONSERVAR","[corregido 2026-09-28] La persona y el contenido son reales: Wikipedia en ingles dice 'Bounfour was born in 1946, a native of the Glaoua, a Berber tribe of the High Atlas of Marrakesh' y el homenaje del CCME dice 'Originally from the Glaoua Berber tribe in the High Atlas of Marrakech'; ambas confirman INALCO Paris y Mohammed V Rabat 1976-1984. PROBLEMA: el evidence_quote esta en frances y NO aparece literalmente en ninguna de las dos URLs citadas (ambas en ingles); es una traduccion, no una cita textual, lo que explica el 62% de solapamiento. No es alucinacion de hechos, pero la cita debe reemplazarse por el texto literal en ingles o citarse una fuente francesa. Salvedad de etiqueta: el origen documentado es amazigh/bereber, que NamSor no distingue de Moroccan.",""
"ME07","SI","SI","PS","SI","SI","","AMBAS","CONSERVAR","Wikipedia contiene la cita literal de nacimiento (16-feb-1945, Jerusalen, Mandato Britanico) y nacionalidad palestina. La URL de Birzeit existe (bloqueada por Cloudflare a scripts, pero indexada y con el contenido que la fila afirma) y una segunda ficha institucional independiente (MAS) repite doctorado en fisica nuclear teorica por la AUB en 1972 y 'numerous publications in theoretical nuclear physics'. Resuelto el motivo de alarma: SI tiene publicaciones indexadas verificables (14 trabajos 1971-1982 sobre 16O, materia nuclear e interacciones efectivas, incluida la tesis de 1972 firmada 'Nabeel I. Kassis'); su ausencia en OpenAlex es falta de indexacion, no inexistencia.","https://mas.ps/en/speakers/10812.html|https://api.semanticscholar.org/graph/v1/author/1475171986"
"ME08","SI","SI","TN","SI","SI","","AMBAS","CONSERVAR","Wikipedia en frances da literalmente 'nee le 30 decembre 1941 a Sfax' y la ficha de la AFIS la describe como fisica y profesora emerita de la Universite de Tunis. Resuelto el motivo de alarma: existen publicaciones reales de fisica de semiconductores firmadas F. Charfi con el grupo de Joullie/Balkanski ('Spectres Raman du 2e ordre dans les cristaux mixtes Ga1-xAlxSb', 1980; 'Analyse de l'interface oxyde-semiconducteur de AlSb', 1981), ademas de sus libros; 6 works en OpenAlex es normal para fisica tunecina de los anos 80. ATENCION: existe una homonima 'Faouzia Charfi-Cheikhrouha', biologa en Tunis El Manar, cuyos ~67 trabajos NO deben atribuirsele; ambas trabajan en Tunez, asi que el pais no se ve afectado.","https://www.afis.org/Faouzia-Farida-Charfi|https://api.semanticscholar.org/graph/v1/author/2076252353"
"ME09","SI","SI","AZ","SI","SI","","AMBAS","CONSERVAR","Ambas URLs existen y coinciden en lo esencial: Wikipedia da la cita literal del infobox (20-ago-1918, Yayji, Nakhchivan) y la biblioteca presidencial de Nakhchivan confirma 'b. 1918, Yayji village, Julfa district - d. 1993, Baku', presidencia de la Academia de Ciencias de Azerbaiyan 1970-1983 y carrera en fisica de semiconductores. El unico work en OpenAlex es un artefacto de indexacion de la ciencia sovietica en ruso. Discrepancia menor entre fuentes sobre el volumen de obra (Wikipedia: 800 articulos y 585 patentes; la fuente azeri: mas de 150 trabajos y mas de 30 patentes); no afecta a la validez de la fila pero conviene no citar la cifra alta.",""
"AF10","SI","SI","ZA","SI","SI","","AMBAS","CONSERVAR","Ambas URLs existen y dicen lo que la fila afirma: Wikipedia da nombre completo Joseph-Achille Mbembe y nacimiento el 27-jul-1957 en Otele, Camerun frances, y su pagina institucional en WISER dice literalmente que nacio en Camerun y que es profesor en WISER (Universidad de Witwatersrand, Johannesburgo). Resuelto el motivo de alarma: los 4 works de OpenAlex son un artefacto de emparejamiento; en Semantic Scholar acumula del orden de 66-82 trabajos indexados. Origen documentado por lugar de nacimiento.","https://api.semanticscholar.org/graph/v1/author/65908323"
"AF11","SI","SI","CA","SI","SI","","AMBAS","CONSERVAR","Resuelto el motivo de alarma: la cita NO esta fabricada, esta partida entre las dos fuentes, por eso el solapamiento con una sola pagina era del 60%. Wikipedia dice literalmente 'Born in Port-au-Prince, Haiti, on 20 July 1938' y la ficha de Mois de l'histoire des Noirs dice literalmente 'Docteure Yvette Bonny est nee a Haiti. Elle a commence ses etudes en medecine en 1954'. Carrera en Canada confirmada: Universite de Montreal desde 1972, Hopital Maisonneuve-Rosemont, primer trasplante de medula osea pediatrico de Quebec en 1980, Orden de Canada. Origen documentado por lugar de nacimiento, no por el nombre.",""
"AF12","SI","SI","FR","SI","DUDOSO","Hispanic","AMBAS","CONSERVAR","[corregido 2026-09-28] Los hechos son solidos y las dos URLs existen: Wikipedia da 7-sep-1946 en Talcahuano, Chile, y lo describe como biologo chileno; la URL de SciELO es el obituario real 'Francisco Varela (1946-2001): filling the mind-brain gap: a life adventure' (Biol Res 36:9-12, PMID 12795203), bloqueado a scripts por Cloudflare pero existente. Carrera final como director de investigacion del CNRS en Paris de 1988 hasta su muerte en 2001, asi que FR es correcto. PROBLEMA UNICO: la etiqueta. El dataset usa 'HispanoLatino' aqui y 'Hispanic' en AF05 para el mismo concepto sin criterio verificable de diferencia en NamSor; hay que unificar la etiqueta o documentar explicitamente que ambas se puntuan como equivalentes, o la evaluacion sera inconsistente.","https://pubmed.ncbi.nlm.nih.gov/12795203/"
"AF13","SI","SI","GB","SI","SI","","AMBAS","CONSERVAR","Verificado desde cero: el perfil de la Royal Society existe y contiene la cita textual exacta ('Robert was born and raised in Kenya and obtained his first degree in Chemistry from the University of Nairobi.'), y Wikipedia lo describe como quimico keniano-britanico, con University of Nairobi y Cambridge y carrera en Reino Unido. Pais de trabajo GB correcto. Nota de actualizacion: su puesto actual es en la University of Sheffield (emerito desde el 1-sep-2025) y en la Royal Society of Chemistry, no Nottingham; sigue siendo GB. Origen documentado explicitamente, no inferido del apellido.",""
