"id","full_name","first_name","last_name","origin_country","origin_country_iso2","work_country","work_country_iso2","expected_diaspora","stratum","evidence_type","evidence_quote","source_url_1","source_url_2","confidence","notes","region_batch"
"EU01","Christiane Nüsslein-Volhard","Christiane","Nüsslein-Volhard","Germany","DE","Germany","DE","German","native","birthplace_documented","Nüsslein-Volhard was born in Magdeburg on 20 October 1942, the second of five children to Rolf Volhard, an architect","https://en.wikipedia.org/wiki/Christiane_N%C3%BCsslein-Volhard","https://www.mpg.de/459869/developmental-biology-nuesslein-volhard","high","Born Magdeburg; entire career in Germany (Max Planck Institute Tübingen, director 1985-2014, emeritus group leader after). Publishes: Nobel 1995 Physiology/Medicine; Scopus h-index 104. Label German unambiguous.","Europe"
"EU02","Giorgio Parisi","Giorgio","Parisi","Italy","IT","Italy","IT","Italian","native","birthplace_documented","Fisico italiano (n. Roma 1948)","https://www.treccani.it/enciclopedia/giorgio-parisi/","https://en.wikipedia.org/wiki/Giorgio_Parisi","high","Born Rome; degree at Sapienza 1970; professor at Tor Vergata then Sapienza Rome since 1992. Publishes: Nobel Physics 2021, books incl. Spin Glass Theory and Beyond, papers in Phys. Rev. Lett. and Nucl. Phys. B.","Europe"
"EU03","Ben Feringa","Ben","Feringa","Netherlands","NL","Netherlands","NL","Dutch","native","birthplace_documented","Bernard Feringa was born on May 18, 1951, in Barger-Compascuum, Netherlands","https://en.wikipedia.org/wiki/Ben_Feringa","https://www.rug.nl/about-ug/profile/prizes-and-awards/nobelprijs/nobel-prize-ben-feringa/life-and-work/curriculum-vitae-van-ben-feringa","high","Born and raised in Drenthe province; MSc and PhD at Groningen; professor at Groningen since 1988. Publishes: over 650 peer-reviewed papers, h-index >90, Nobel Chemistry 2016. Publishes as 'Ben L. Feringa'.","Europe"
"EU04","Morten Meldal","Morten","Meldal","Denmark","DK","Denmark","DK","Danish","native","nationality_documented","the first University of Copenhagen researcher in 38 years, as well as the first Dane in 25 years to receive a Nobel Prize","https://science.ku.dk/english/press/news/2022/university-of-copenhagen-professor-wins-nobel-prize-in-chemistry/","https://en.wikipedia.org/wiki/Morten_P._Meldal","high","Wikipedia gives birthplace only at country level ('Denmark', 16 Jan 1954); no birth city is publicly documented, hence nationality + BSc/MSc/PhD all at Technical University of Denmark used as evidence. Works at University of Copenhagen since 2011. Publishes: Nobel Chemistry 2022 for click chemistry; papers in Angew. Chem. and ACS Cent. Sci.","Europe"
"EU05","Edvard Moser","Edvard","Moser","Norway","NO","Norway","NO","Norwegian","native","birthplace_documented","Edvard Ingjald Moser was born 27 April 1962 in Ålesund, Norway","https://en.wikipedia.org/wiki/Edvard_Moser","https://www.ntnu.edu/employees/edvard.moser","high","Born Ålesund; cand.psychol. and dr.philos. at University of Oslo; professor at NTNU Trondheim since 1998 and founding director of the Kavli Institute for Systems Neuroscience. Publishes: Nobel 2014, papers in Nature and Science. Surname Moser is also common in German/Austrian contexts - a useful hard case for NamSor.","Europe"
"EU06","Antonín Holý","Antonín","Holý","Czechia","CZ","Czechia","CZ","Czech","native","obituary_or_academy_bio","He was born in Prague, Czechoslovakia, on September 1, 1936, and died in Prague on July 16, 2012","https://en.wikipedia.org/wiki/Anton%C3%ADn_Hol%C3%BD","https://www.uochb.cz/en/news/342/antonin-holy-85-story-of-tenofovir","high","Deceased 2012; work_country is where he worked at the end of his career. Born Prague, studied organic chemistry at Charles University Prague, worked at IOCB Prague 1960-2012 (director 1994-2002). Publishes: co-authored around 600 scientific publications and 60+ patents (tenofovir, cidofovir, adefovir).","Europe"
"EU07","Manel Esteller","Manel","Esteller","Spain","ES","Spain","ES","Catalan","native","birthplace_documented","Manel Esteller (Sant Boi de Llobregat, Barcelona, Catalonia, 1968)","https://ca.wikipedia.org/wiki/Manel_Esteller_i_Badosa","https://memoir.icrea.cat/researchers/esteller-manel/","high","Catalan label rests on documented birth in Sant Boi de Llobregat (Catalonia), Catalan-language institutional biography and lifelong Catalan institutions (UB, ICREA, IDIBELL, Josep Carreras Institute) - not on the surname. Nationality is Spanish; 'Catalan' is a sub-national ethnolinguistic label here, so NamSor may legitimately return a broader Spanish-family label. Publishes: among the 500 most cited scientists worldwide; editor-in-chief of Epigenetics.","Europe"
"EU08","Emmanuelle Charpentier","Emmanuelle","Charpentier","France","FR","Germany","DE","French","diaspora","birthplace_documented","Charpentier was born in 1968 in Juvisy-sur-Orge in France","https://en.wikipedia.org/wiki/Emmanuelle_Charpentier","https://www.mpg.de/9343753/science-of-pathogens-charpentier","high","Born Juvisy-sur-Orge; studies at Pierre and Marie Curie University and PhD at Institut Pasteur, Paris. Since 2015 director of the Max Planck Institute for Infection Biology in Berlin and since 2018 of the Max Planck Unit for the Science of Pathogens. Publishes: Nobel Chemistry 2020; 2012 Science paper on CRISPR-Cas9.","Europe"
"EU09","Ferenc Krausz","Ferenc","Krausz","Hungary","HU","Germany","DE","Hungarian","diaspora","birthplace_documented","Born 17 May 1962, Mór, Hungarian People's Republic","https://en.wikipedia.org/wiki/Ferenc_Krausz","https://www.mpq.mpg.de/person/34764/4571983","high","Born Mór, Hungary; BSc at Eötvös Loránd University and MSc at Budapest University of Technology before moving to Vienna and then Germany. Director of the Attosecond Physics division at the Max Planck Institute of Quantum Optics, Garching, and professor at LMU Munich since 2004. Caveat: in Nov 2025 he also took a chair professorship at the University of Hong Kong, so a second affiliation exists; primary remains Germany. Publishes: Nobel Physics 2023.","Europe"
"EU10","Maciej Lewenstein","Maciej","Lewenstein","Poland","PL","Spain","ES","Polish","diaspora","birthplace_documented","Maciej Lewenstein was born on 21 September 1955 in Warsaw.","https://en.wikipedia.org/wiki/Maciej_Lewenstein","https://www.icfo.eu/research-group/11/qot/home/","high","Born Warsaw; MSc University of Warsaw 1978, PhD University of Essen 1983. Since 2005 ICREA research professor leading the Quantum Optics Theory group at ICFO, Castelldefels (Barcelona), Spain. Publishes: books incl. Ultracold Atoms in Optical Lattices (2012) and many Physical Review articles. Note: surname could also be read as Jewish by NamSor - documented evidence here supports Polish origin.","Europe"
"EU11","Dimitri Nanopoulos","Dimitri","Nanopoulos","Greece","GR","United States","US","Greek","diaspora","birthplace_documented","born in Athens on 13th September 1948 ... studied Physics at the University of Athens and he graduated in 1971","https://harcresearch.org/people/dimitri-nanopoulos-phd/","https://en.wikipedia.org/wiki/Dimitri_Nanopoulos","high","Born Athens, undergraduate degree University of Athens 1971, PhD Sussex 1973. At Texas A&M University since 1989 (Distinguished Professor, Mitchell/Heep Chair) and HARC fellow in Texas; now Distinguished Professor Emeritus there. Regular member of the Academy of Athens since 1997. Publishes: 767+ papers and 15 books, 57,000+ citations.","Europe"
"EU12","Nuno Maulide","Nuno","Maulide","Portugal","PT","Austria","AT","Portuguese","diaspora","birthplace_documented","Nuno Maulide was born in Lisbon in 1979, son of a couple of medical doctors who were born in Portuguese Africa.","https://en.wikipedia.org/wiki/Nuno_Maulide","https://organicsynthesis.univie.ac.at/about-us/meet-the-group/the-group-leader/","high","Born and raised in Lisbon; undergraduate at Instituto Superior Técnico, Lisbon. Since Oct 2013 Chair of Organic Synthesis and head of the Institute of Organic Chemistry, University of Vienna, Austria. Caveat: his parents were born in Portuguese Africa and the surname is not typically Portuguese, so NamSor may return an African label - a deliberately hard case; the documented evidence (birth and upbringing in Lisbon, Portuguese nationality) supports Portuguese. Publishes: two ERC grants, member of Academia das Ciências de Lisboa.","Europe"
"EU13","Svitlana Mayboroda","Svitlana","Mayboroda","Ukraine","UA","Switzerland","CH","Ukrainian","diaspora","birthplace_documented","Svitlana was born in the Eastern Ukrainean city of Kharkiv, at this time still part of Soviet Union","https://math.ethz.ch/news-and-events/news/d-math-news/2024/09/svitlana-mayboroda-inaugural-lecture.html","https://en.wikipedia.org/wiki/Svitlana_Mayboroda","high","Born Kharkiv 1981; two master's degrees from the University of Kharkiv (2001) before emigrating for her PhD (University of Missouri, 2005). Full professor in the Department of Mathematics at ETH Zurich since 1 August 2023, leading the ETH Institute for Theoretical Studies from 2025; previously and partly still University of Minnesota, so work_country could also be US - both are diaspora. Publishes: research in harmonic analysis and PDE; 2023 Blavatnik National Award.","Europe"
"AS01","Shinya Yamanaka","Shinya","Yamanaka","Japan","JP","Japan","JP","Japanese","native","birthplace_documented","Born (1962-09-04) September 4, 1962 ... Higashiosaka, Osaka, Japan","https://en.wikipedia.org/wiki/Shinya_Yamanaka","https://www.cira.kyoto-u.ac.jp/e/research/yamanaka_master.html","high","Orden nativo japones: Yamanaka (apellido) Shinya (nombre). En publicaciones occidentales aparece invertido como 'Shinya Yamanaka'. Trabaja en Kyoto University (CiRA), Japon; mantiene tambien un puesto de senior investigator en Gladstone Institutes (US), pero su base principal es Japon. Autor real: Nobel de Medicina 2012 por las celulas iPS; cientos de articulos (Cell 2006, 2007).","Asia"
"AS02","Yongyuth Yuthavong","Yongyuth","Yuthavong","Thailand","TH","Thailand","TH","Thai","native","nationality_documented","Country of Birth: Thailand / Nationality: Thailand / Country of residence: Thailand","https://twas.org/directory/yuthavong-yongyuth","https://en.wikipedia.org/wiki/Yongyuth_Yuthavong","high","Orden tailandes normal: nombre de pila Yongyuth, apellido Yuthavong; publica como 'Y. Yuthavong'. Wikipedia indica nacimiento en Lopburi, Tailandia (1944) pero sin cita inline, por eso la evidencia principal es la ficha de TWAS. Autor real: bioquimico, investigacion sobre antimalaricos y resistencia a farmacos; profesor emerito de Mahidol University y asesor senior de NSTDA; numerosos articulos en revistas indexadas.","Asia"
"AS03","Edgardo Dizon Gomez","Edgardo","Gomez","Philippines","PH","Philippines","PH","Filipino","native","obituary_or_academy_bio","Birthdate: November 7, 1938 ... B.A/B.S. Ed. Social Science/English - De La Salle University 1962 ... University Professor Emeritus - University of the Philippines Diliman","https://members.nast.ph/index.php/list-of-national-scientist/details/3/21","https://en.wikipedia.org/wiki/Edgardo_Gomez","high","CASO DE PRUEBA VALIOSO: apellido de origen espanol (Gomez) pero persona filipina; NamSor probablemente lo clasifique como Hispanic/Latino. No se encontro la ciudad de nacimiento publicada; la evidencia es la ficha de la Academia Nacional (NAST PHL), que lo proclamo National Scientist of the Philippines en 2014 (titulo reservado a ciudadanos filipinos) mas pregrado en De La Salle University, Manila (1962). Fallecido el 1 dic 2019; ultima afiliacion UP Marine Science Institute. Autor real: fundador del UP MSI, lidero la primera evaluacion nacional de danos a arrecifes de coral; publicaciones en ecologia de arrecifes y cultivo de almejas gigantes.","Asia"
"AS04","Sanduk Ruit","Sanduk","Ruit","Nepal","NP","Nepal","NP","Nepalese","native","birthplace_documented","Sanduk Ruit was born in Olangchungola, a remote village in Eastern Nepal - so remote the nearest school was a week's walk away.","https://cureblindness.org/who-we-are/dr-sanduk-ruit","https://en.wikipedia.org/wiki/Sanduk_Ruit","high","Origen etnico: comunidad de habla tibetana (Walung) de Olangchung Gola, distrito de Taplejung, noreste de Nepal; etiqueta esperada Nepalese por pais de origen. Estudio medicina en India (King George's Medical College, Lucknow; AIIMS Nueva Delhi) pero nacio y trabaja en Nepal. Fundador y director ejecutivo del Tilganga Institute of Ophthalmology, Katmandu. Autor real: publicaciones sobre cirugia de catarata de pequena incision sin sutura (p. ej. ensayos comparativos en Ophthalmology / Br J Ophthalmol); lista de articulos en cureblindness.org/research.","Asia"
"AS05","Rinchen Barsbold","Rinchen","Barsbold","Mongolia","MN","Mongolia","MN","Mongolese","native","nationality_documented","Mongolian paleontologist and geologist ... Citizenship: Mongolia ... born in Ulaanbaatar","https://en.wikipedia.org/wiki/Rinchen_Barsbold","https://groups.google.com/g/DinosaurMailingGroup/c/eRRlxdCpSX8/m/AJaW2M39BQA","high","ORDEN DE NOMBRES DELICADO: en mongol no hay apellido; 'Rinchen' es el patronimico (su padre fue el academico Byambyn Rinchen) y 'Barsbold' es el nombre de pila. En publicaciones cita como 'Barsbold, R.' o 'R. Barsbold', es decir usa el nombre de pila como apellido de cita. Aqui first_name=Barsbold, last_name=Rinchen; probar tambien la forma invertida al auditar NamSor. Fallecido el 28 ago 2025; carrera en el Instituto de Paleontologia / Instituto de Geologia de la Academia de Ciencias de Mongolia, Ulan Bator. Autor real: describio Gallimimus, Conchoraptor, Adasaurus, Anserimimus; medalla Romer-Simpson de la SVP. [corregido 2026-09-28] first_name/last_name estaban invertidos respecto a como se le cita: Crossref lo indexa consistentemente con family='Rinchen' y given='Barsbold'. Se intercambiaron para que la peticion a NamSor use la forma publicada. El orden nativo (patronimico primero) queda documentado aqui.","Asia"
"AS06","Shavkat Abdullaevich Ayupov","Shavkat","Ayupov","Uzbekistan","UZ","Uzbekistan","UZ","Uzbek","native","birthplace_documented","born September 14, 1952, in Tashkent ... He graduated from Tashkent University in 1974","https://en.wikipedia.org/wiki/Shavkat_Ayupov","https://twas.org/directory/ayupov-shavkat-abdullaevich","high","Nacido en Tashkent (entonces RSS de Uzbekistan, URSS); TWAS registra Country of Birth y Nationality = Uzbekistan. Nombre con patronimico ruso (Abdullaevich) por la convencion sovietica; publica como 'Sh. A. Ayupov' o 'Shavkat Ayupov'. Riesgo de etiqueta: la terminacion -ov es comun en toda Asia Central y Rusia, NamSor podria devolver Russian o Tajik/Kazakh. Trabaja en el Instituto de Matematicas V.I. Romanovskiy, Academia de Ciencias de Uzbekistan (presidente de la Academia desde dic 2024). Autor real: algebras de von Neumann, derivaciones, algebras de operadores medibles; perfil en Google Scholar y Mathematics Genealogy.","Asia"
"AS07","Venkatraman Ramakrishnan","Venkatraman","Ramakrishnan","India","IN","United Kingdom","GB","Indian","diaspora","birthplace_documented","Ramakrishnan was born in 1952 in Chidambaram in Cuddalore district of Tamil Nadu, India.","https://en.wikipedia.org/wiki/Venki_Ramakrishnan","https://www.britannica.com/biography/Venkatraman-Ramakrishnan","high","REGION DE ORIGEN: tamil (Chidambaram, Tamil Nadu), criado en Baroda/Vadodara, Gujarat; pregrado BSc en fisica en Maharaja Sayajirao University of Baroda (1971). NamSor solo ofrece 'Indian'. Convencion de nombre tamil: 'Ramakrishnan' es el nombre del padre usado como apellido; publica como 'V. Ramakrishnan' y firma 'Venki Ramakrishnan'. Ciudadanias actuales: Reino Unido y EE.UU. Trabaja en el MRC Laboratory of Molecular Biology, Cambridge (Reino Unido) desde 1999. Autor real: Nobel de Quimica 2009 por la estructura del ribosoma; expresidente de la Royal Society. [verificado 2026-09-28] un chequeo automatico de orden de nombres lo marco como invertido, pero era un falso positivo: las obras con family='Venkatraman' son de un ingeniero electrico homonimo. Las del biologo estructural aparecen con family='Ramakrishnan', given='Venkatraman'. Orden confirmado correcto.","Asia"
"AS08","Nergis Mavalvala","Nergis","Mavalvala","Pakistan","PK","United States","US","Pakistani","diaspora","birthplace_documented","Mavalvala was born in Lahore, but primarily raised in Karachi, Pakistan.","https://en.wikipedia.org/wiki/Nergis_Mavalvala","https://www.dawn.com/news/1575089","high","Inmigrante de primera generacion (llego a EE.UU. para el pregrado en Wellesley College, 1990), por lo que la etiqueta es Pakistani y NO AsianAmerican. SALVEDAD DE ETIQUETA: es parsi/zoroastriana de Karachi; 'Mavalvala' es un apellido parsi-gujarati, no un apellido musulman pakistani tipico, asi que NamSor podria devolver Indian en lugar de Pakistani: caso de error interesante. Trabaja en el MIT (Curtis and Kathleen Marble Professor of Astrophysics, decana de la School of Science). Autor real: miembro de LIGO, coautora de la deteccion de ondas gravitacionales (Phys. Rev. Lett. 2016).","Asia"
"AS09","Tran Thanh Van","Thanh Van","Tran","Vietnam","VN","France","FR","Vietnamese","diaspora","birthplace_documented","born 4 July 1936, Dong Hoi, Quang Binh Province ... In 1953, he left Vietnam for France","https://en.wikipedia.org/wiki/Tr%E1%BA%A7n_Thanh_V%C3%A2n_(physicist)","https://www.aip.org/news/jean-tran-thanh-van-wins-2011-tate-medal","high","ORDEN DE NOMBRES VIETNAMITA: forma nativa Tran Thanh Van = apellido Tran + nombre intermedio Thanh + nombre de pila Van. En publicaciones francesas/inglesas firma como 'J. Tran Thanh Van' o 'Jean Tran Thanh Van', tratando 'Tran Thanh Van' como un apellido compuesto y anadiendo el nombre frances Jean; conviene probar tambien first_name='Van', last_name='Tran'. Emigro a Francia en 1953; doctorado en la Universidad de Paris (1963) y toda su carrera en el CNRS (director de investigacion desde 1991), Orsay, Francia. Fundador de las Rencontres de Moriond. Autor real: mas de 300 articulos cientificos; medalla Tate del AIP 2011. [auditado 2026-09-28] source_url_2 anterior (ww3.aip.org) devolvia 404; reemplazada por la nota de prensa del AIP, verificada viva. OpenAlex lo situa en VN porque desde 2013 dirige el ICISE en Quy Nhon; FR sigue siendo el pais de su carrera (CNRS), pero la doble afiliacion es una ambiguedad real, no un homonimo.","Asia"
"AS10","Ha-Joon Chang","Ha-Joon","Chang","South Korea","KR","United Kingdom","GB","Korean","diaspora","birthplace_documented","Born 7 October 1963, Seoul, South Korea ... After graduating from Seoul National University's Department of Economics","https://en.wikipedia.org/wiki/Ha-Joon_Chang","https://www.soas.ac.uk/about/ha-joon-chang","high","ORDEN DE NOMBRES COREANO: forma nativa Jang Ha-jun (apellido Chang/Jang primero); en publicaciones aparece invertido como 'Ha-Joon Chang'. Pregrado en la Universidad Nacional de Seul, doctorado en Cambridge. Trabaja en el Reino Unido: Research Professor en el Departamento de Economia de SOAS University of London (antes Cambridge, 1990-2021); la ficha de SOAS confirma 'BA (Seoul National)'. Autor real: 'Kicking Away the Ladder' (2002), '23 Things They Don't Tell You About Capitalism', numerosos articulos en economia del desarrollo.","Asia"
"AS11","Liu Bin","Bin","Liu","China","CN","Singapore","SG","Chinese","diaspora","institutional_bio","Growing up in China's Jiangsu Province, Prof Liu never thought that she would one day rise to such prominence.","https://news.nus.edu.sg/prof-liu-bin-lighting-up-stem-research/","https://www.nscc.sg/team/item/prof-liu-bin/","high","CHINA CONTINENTAL (provincia de Jiangsu), no Taiwan/Hong Kong/Singapur: si se audita NamSor con el pais de trabajo habria que pasar countryIso2=SG aunque la etiqueta esperada sea Chinese; con el pais de origen seria CN. Evidencia adicional de crianza en China: licenciatura y maestria en la Universidad de Nanjing (doctorado en NUS). ORDEN DE NOMBRES CHINO: forma nativa Liu Bin (apellido Liu primero); en publicaciones aparece invertida como 'Bin Liu'. Trabaja en la National University of Singapore (Deputy President, Research and Technology; Distinguished Professor de Chemical and Biomolecular Engineering). Autora real: mas de 500 publicaciones y 30 patentes; Premio Centenario de la RSC 2021.","Asia"
"AS12","Rohan Pethiyagoda","Rohan","Pethiyagoda","Sri Lanka","LK","Australia","AU","Sri Lankan","diaspora","birthplace_documented","Born in Colombo, Sri Lanka, on 19 November 1955 ... He is presently resident in Sydney.","https://en.wikipedia.org/wiki/Rohan_Pethiyagoda","https://news.mongabay.com/2022/05/sri-lankan-wins-linnean-medal-the-nobel-prize-for-naturalists-commentary/","high","Cingales de Colombo (apellido cingales, no tamil de Sri Lanka): NamSor podria confundirlo con Indian. SALVEDAD: su vinculo institucional en Australia es de Research Associate (honorario) del Australian Museum, Sydney, y reside alli; no es un puesto academico a tiempo completo, por eso la clasificacion 'diaspora' se basa en residencia y afiliacion declarada. Formacion de pregrado en el Reino Unido (King's College London). Autor real: ~60 articulos cientificos y libros como 'Freshwater Fishes of Sri Lanka' (1991); Linnean Medal for Zoology 2022; editor de Zootaxa para peces dulceacuicolas asiaticos.","Asia"
"AS13","Vedi R. Hadiz","Vedi","Hadiz","Indonesia","ID","Australia","AU","Indonesian","diaspora","nationality_documented","An Indonesian national, he joined the Asia Institute in 2016 ... Professor of Asian Studies, The University of Melbourne","https://theconversation.com/profiles/vedi-hadiz-433282","https://en.wikipedia.org/wiki/Vedi_R._Hadiz","high","Evidencia doble: nacionalidad indonesia declarada en su perfil de The Conversation y pregrado en la Universitas Indonesia (Wikipedia), lo que respalda crianza en Indonesia; doctorado en Murdoch University (1996). No se publico su ciudad de nacimiento. SALVEDAD DE ETIQUETA: 'Hadiz' no es un nombre javanes tipico (raiz arabe, comun en Indonesia), asi que NamSor podria devolver una etiqueta de Oriente Medio/Arab. Trabaja en Australia: Asia Institute, University of Melbourne (Redmond Barry Distinguished Professor); antes NUS (Singapur) y Murdoch. Autor real: 'Islamic Populism in Indonesia and the Middle East' (CUP 2016), 'Localising Power in Post-Authoritarian Indonesia' (2010), perfil en Google Scholar.","Asia"
"ME01","Felix A. Aharonian","Felix","Aharonian","Armenia","AM","Ireland","IE","Armenian","diaspora","birthplace_documented","Felix A Aharonian was born in Yerevan, Armenia in the then USSR in 1952.","https://www.ae-info.org/ae/Member/Aharonian_Felix/CV","https://en.wikipedia.org/wiki/Felix_A._Aharonian","high","Publica como F. Aharonian / Felix A. Aharonian; autor de libros y de cientos de articulos en astrofisica de altas energias (colaboracion H.E.S.S.). Doble afiliacion: DIAS Dublin (IE, desde 2006) y Max Planck Institute for Nuclear Physics Heidelberg (DE); se toma IE como pais de trabajo principal. Caso de armenio nacido en Armenia, distinto de la diaspora armenia de Oriente Medio.","MENA"
"ME02","Ugur Sahin","Ugur","Sahin","Turkey","TR","Germany","DE","Turkish","diaspora","birthplace_documented","born 19 September 1965 in Iskenderun","https://en.wikipedia.org/wiki/U%C4%9Fur_%C5%9Eahin","https://www.leopoldina.org/mitglieder/mitgliederverzeichnis/detail/ugur-sahin/","high","Grafia turca: Ugur Sahin (U con breve, S con cedilla). Publica sin diacriticos como Ugur Sahin, que es la forma que se pasaria a NamSor; anotar la variante diacritica. Emigro a Alemania a los 4 anos y es ciudadano aleman, pero el lugar de nacimiento esta documentado (Iskenderun, Hatay). Catedratico W3 en la Universitatsmedizin Mainz; PubMed lista 345 publicaciones, primer autor en 49.","MENA"
"ME03","Maryam Mirzakhani","Maryam","Mirzakhani","Iran","IR","United States","US","Iranian","diaspora","birthplace_documented","Born on 12 May 1977 in Tehran, Iran","https://en.wikipedia.org/wiki/Maryam_Mirzakhani","https://stanforddaily.com/2017/07/17/obituary-maryam-mirzakhani-math-professor-and-fields-medal-trailblazer-dies-at-40/","high","Fallecida en 2017; su ultimo puesto fue como profesora de matematicas en Stanford University (US), por lo que el pais de trabajo es el del final de su carrera. Pregrado (BSc 1999) en Sharif University of Technology, Teheran, lo que refuerza la crianza en Iran. Medalla Fields 2014; numerosos articulos en geometria hiperbolica y espacios de moduli.","MENA"
"ME04","Huda Zoghbi","Huda","Zoghbi","Lebanon","LB","United States","US","Lebanese","diaspora","birthplace_documented","Huda Zoghbi was born in Beirut, Lebanon on 20 June 1954","https://en.wikipedia.org/wiki/Huda_Zoghbi","https://www.hhmi.org/scientists/huda-y-zoghbi","high","Nombre arabe: Huda al-Hibri az-Zughbi; publica como Huda Y. Zoghbi (a veces H. Y. Zoghbi). Apellido con particula al- en arabe pero nunca en la grafia de publicacion. Pregrado en biologia en la American University of Beirut. Cientos de articulos (Nature Genetics, Science, PNAS); descubrio las mutaciones de MECP2 en el sindrome de Rett.","MENA"
"ME05","Huda Akil","Huda","Akil","Syria","SY","United States","US","Syrian","diaspora","self_description","I grew up in Damascus, Syria. My father was a psychologist so it was a natural path for me to become interested in the mind","https://pmc.ncbi.nlm.nih.gov/articles/PMC3592598/","https://record.umich.edu/articles/neuroscientist-huda-akil-wins-national-medal-of-science/","high","Autodescripcion en una entrevista publicada en revista academica (The Road From Damascus). Nacida en Damasco en 1945; BA y MA en la American University of Beirut antes de doctorarse en UCLA. Catedratica Gardner C. Quarton de Neurociencias en la University of Michigan; National Medal of Science 2023 y Gruber Prize 2023. Publica como Huda Akil. Coincide el nombre de pila con ME04 pero son personas y etnias distintas (siria vs libanesa).","MENA"
"ME06","Abdellah Bounfour","Abdellah","Bounfour","Morocco","MA","France","FR","Moroccan","diaspora","institutional_bio","Bounfour was born in 1946, a native of the Glaoua, a Berber tribe of the High Atlas of Marrakesh","https://en.wikipedia.org/wiki/Abdellah_Bounfour","https://www.ccme.org.ma/en/a-tribute-to-abdellah-bounfour-university-professor-specialist-in-amazigh-studies/","high","La fuente documenta origen regional (Glaoua, Alto Atlas de Marrakech) y no una ciudad de nacimiento; refuerzan el origen su carrera inicial como maitre de conferences en la Universidad Mohammed V de Rabat (1976-1984) y el homenaje del CCME, organismo marroqui dedicado a la comunidad marroqui en el extranjero. Profesor emerito de literatura bereber en INALCO, Paris. Variante de transliteracion: Abdallah Bounfour. Salvedad de etiqueta: es amazigh/bereber, etnia que NamSor no distingue de Moroccan. Autor de Poesie populaire berbere (1990) e Introduction a la litterature berbere (1999-2018). [auditado 2026-09-28] la evidence_quote anterior estaba en frances y era una traduccion, no una transcripcion de la fuente inglesa; reemplazada por el texto literal, verificado palabra por palabra en source_url_1. El origen documentado es amazigh/bereber, que la taxonomia NamSor no distingue de Moroccan.","MENA"
"ME07","Nabeel Kassis","Nabeel","Kassis","Palestine","PS","Palestine","PS","Palestinian","native","birthplace_documented","born on 16 February 1945 in Jerusalem, Palestine during the British mandate period","https://en.wikipedia.org/wiki/Nabeel_Kassis","https://www.birzeit.edu/en/biography/dr-nabeel-kassis","high","Nacido en Jerusalen bajo el Mandato Britanico (1945), antes de 1948; por eso origin_country_iso2 = PS y no IL. Trabaja en Birzeit University (Ramala, Cisjordania), de ahi work_country_iso2 = PS. Caso util para contrastar Palestinian frente a Jordanian (ME12) y Lebanese (ME04): se doctoro en la American University of Beirut y enseno en Jordania, pero ni la nacionalidad ni el origen son libaneses o jordanos. Fisico nuclear: la biografia institucional indica que ha publicado numerosos articulos de investigacion en fisica nuclear y teorica. Variante de transliteracion: Nabil Kassis.","MENA"
"ME08","Faouzia Farida Charfi","Faouzia Farida","Charfi","Tunisia","TN","Tunisia","TN","Tunisian","native","birthplace_documented","nee le 30 decembre 1941 a Sfax","https://fr.wikipedia.org/wiki/Faouzia_Charfi","https://www.afis.org/Faouzia-Farida-Charfi","high","Publica como Faouzia Farida Charfi (tambien Faouzia Charfi); apellido de soltera Rekik, por lo que Charfi es apellido de casada, dato relevante si se compara la prediccion de NamSor sobre el apellido. Profesora y luego profesora emerita de fisica en la Universite de Tunis (Tunis El Manar), donde dirigio el primer grupo de investigacion en fisica de Tunez; doctorado de Estado en fisica de semiconductores (1984). Autora de La science voilee (Odile Jacob, 2013), La science en pays d islam (Bayard, 2020) y L islam et la science (Odile Jacob, 2021). [auditado 2026-09-28] existe una homonima biologa en la misma universidad con ~67 trabajos; cualquier resolucion de autor por nombre le atribuiria obra ajena. Mismo pais, asi que work_country no se ve afectado.","MENA"
"ME09","Hasan Abdullayev","Hasan","Abdullayev","Azerbaijan","AZ","Azerbaijan","AZ","Azerbaijani","native","obituary_or_academy_bio","Born (1918-08-20) August 20, 1918 Yayji, Nakhchivan, Azerbaijan Democratic Republic","https://en.wikipedia.org/wiki/Hasan_Abdullayev","https://nakhchivan.preslib.az/en_b2.html","high","Fallecido en 1993 en Baku; el pais de trabajo es el del final de su carrera (Azerbaiyan, entonces RSS de Azerbaiyan dentro de la URSS), de ahi work_country_iso2 = AZ y no SU. Presidente de la Academia de Ciencias de Azerbaiyan (1970-1983) y fundador de la catedra de Fisica de Semiconductores de la Universidad Estatal de Baku. Transliteraciones: Hasan Abdullayev (azeri: Hasan Mammadbaghir oglu Abdullayev), en ruso Gasan Abdullaev; publicaba en ruso e ingles. Autor de 28 monografias y mas de 800 articulos. [auditado 2026-09-28] las dos fuentes citadas se contradicen sobre el volumen de obra (una dice 800 articulos/585 patentes, la otra >150/>30); no usar la cifra alta. Obra publicada mayoritariamente en ruso, de ahi la escasa indexacion en OpenAlex.","MENA"
"ME10","Nasser H. Sweilam","Nasser","Sweilam","Egypt","EG","Egypt","EG","Egyptian","native","birthplace_documented","Born (1959-08-21) 21 August 1959 Suez in Egypt","https://en.wikipedia.org/wiki/Nasser_Sweilam","https://scholar.google.com/citations?user=2MsYmk0AAAAJ&hl=en","high","Publica como Nasser H. Sweilam o N. H. Sweilam; nombre completo Nasser Hassan Sweilam. Profesor de analisis numerico en el Departamento de Matematicas de la Facultad de Ciencias de la Universidad de El Cairo y miembro de la African Academy of Sciences; doctorado en regimen conjunto El Cairo-TU Munich (1994). Mas de 150 publicaciones en analisis numerico y calculo fraccionario. No confundir con la diaspora egipcia en EE.UU., muy numerosa: este es un caso claramente native.","MENA"
"ME11","Vladimer Papava","Vladimer","Papava","Georgia","GE","Georgia","GE","Georgian","native","birthplace_documented","Born in Tbilisi, Georgia","https://en.wikipedia.org/wiki/Vladimer_Papava","https://tsu.ge/en/page/Vladimer-Papava","high","Nacido en Tbilisi el 25 de marzo de 1955; licenciado en la Universidad Estatal de Tbilisi (1977), de la que luego fue rector (2013-2016). Academico-secretario de la Academia Nacional de Ciencias de Georgia y profesor de economia en la Ivane Javakhishvili Tbilisi State University. Mas de 400-500 publicaciones (necroeconomia, transformacion poscomunista). Transliteracion: Vladimer Papava, tambien citado como Vladimir Papava o Vladimer (Lado) Papava. Apellido georgiano tipico (-va), util para separar Georgian de Armenian y Azerbaijani en el Caucaso.","MENA"
"ME12","Shaher Momani","Shaher","Momani","Jordan","JO","Jordan","JO","Jordanian","native","birthplace_documented","Born (1962-05-10) May 10, 1962 ... Ajloun, Jordan","https://en.wikipedia.org/wiki/Shaher_Momani","https://science.ju.edu.jo/Lists/FacultyAcademicStaff/School_DispStaff.aspx?id=32","medium","Nacido en Ajloun (Jordania) y licenciado en matematicas por la Universidad de Yarmouk en 1984, ambos indicadores de crianza en el pais de origen. Confidence medium unicamente por ambiguedad del pais de trabajo: es distinguished professor en la University of Jordan (Amman) desde 2009 y a la vez distinguished professor en Ajman University (Emiratos Arabes Unidos) desde 2019; se toma JO como afiliacion principal. Muy publicado: Highly Cited Researcher (Thomson Reuters/Clarivate 2014-2018) en calculo fraccionario. Publica como Shaher Momani o Shaher M. Momani. Etiqueta Jordanian frente a Palestinian: Momani es un apellido del norte de Jordania (Ajloun/Irbid), no de origen palestino, lo que lo hace un buen contraste con ME07.","MENA"
"AF01","Oyewale Tomori","Oyewale","Tomori","Nigeria","NG","Nigeria","NG","Nigerian","native","birthplace_documented","born 3 February 1946 ... Ilesa, Osun State, Nigeria; a Nigerian professor of virology","https://en.wikipedia.org/wiki/Oyewale_Tomori","https://www.interacademies.org/person/oyewale-tomori","high","Birthplace (Ilesa, Osun State) plus full education in Nigeria (DVM Ahmadu Bello, PhD Ibadan). Works in Nigeria: pioneer Vice-Chancellor of Redeemer's University and President of the Nigerian Academy of Science. Publishes extensively on Lassa fever / polio virology; InterAcademies and WHO profiles list him as a Nigerian virologist. Simple Yoruba given+family name, nothing compound to split for the API.","Africa_Americas"
"AF02","Pontiano Kaleebu","Pontiano","Kaleebu","Uganda","UG","Uganda","UG","Ugandan","native","birthplace_documented","Pontiano Kaleebu was born in Uganda, circa 1960. ... Citizenship: Uganda","https://en.wikipedia.org/wiki/Pontiano_Kaleebu","https://old.aasciences.africa/fellow/professor-pontiano-kaleebu","high","Birth in Uganda plus MBChB from Makerere University (undergraduate education in country of origin). Works in Uganda: Executive Director of the Uganda Virus Research Institute, Entebbe. Author of 260+ peer-reviewed papers. Fellow of the African Academy of Sciences and of the Uganda National Academy of Sciences. Note he also holds a UK professorship (LSHTM) but is resident and based in Uganda, so work_country=UG.","Africa_Americas"
"AF03","Marcia Cristina Bernardes Barbosa","Marcia","Barbosa","Brazil","BR","Brazil","BR","Portuguese","native","birthplace_documented","Born in Rio de Janeiro, Brazil ... undergraduate and graduate studies at the Universidade Federal do Rio Grande do Sul (UFRGS), Porto Alegre, Brazil","https://en.wikipedia.org/wiki/Marcia_Barbosa","https://twas.org/directory/bernardes-barbosa-marcia-cristina","high","KEY TEST CASE: NamSor has no Brazilian label, so a Brazilian in Brazil is expected as Portuguese while work_country_iso2=BR. This directly probes the effect of passing the country to the API. Compound Brazilian name: Marcia Cristina Bernardes Barbosa; she publishes as Marcia C. Barbosa / M. C. Barbosa, so the API gets firstName=Marcia, lastName=Barbosa (Bernardes is the maternal element and is dropped in her by-line). Full professor of physics at UFRGS, member/director of the Brazilian Academy of Sciences, L'Oreal-UNESCO laureate, large Google Scholar record on water anomalies.","Africa_Americas"
"AF04","Bongani Mayosi","Bongani","Mayosi","South Africa","ZA","South Africa","ZA","South African","native","birthplace_documented","Born on 28 January 1967, in the small town of Nqamakwe ... he was born in Mthatha, in eastern South Africa, and his father, George, was a physician","https://en.wikipedia.org/wiki/Bongani_Mayosi","https://www.thelancet.com/journals/lancet/article/PIIS0140-6736(18)31857-9/fulltext","high","ANALYTICALLY VALUABLE South African case: this is a BLACK South African from the isiXhosa-speaking Eastern Cape (born Nqamakwe, schooled in Mthatha, former Transkei), with a Nguni/Xhosa name - not an Afrikaner or Anglo-South African name. NamSor may well route Bongani/Mayosi to a generic Southern-African or Zulu-adjacent class rather than South African. Worked in South Africa his whole career (Head of Medicine and later Dean of Health Sciences, University of Cape Town) until his death in 2018; 400+ peer-reviewed articles; Lancet obituary. Deceased: work_country is where he worked at the end of his career.","Africa_Americas"
"AF05","Ellen Ochoa","Ellen","Ochoa","United States","US","United States","US","Hispanic","native","institutional_bio","She became the first Hispanic woman to go to space when she served on the nine-day STS-56 mission aboard the space shuttle Discovery in 1993.","https://www.nasa.gov/people/nasa-astronaut-dr-ellen-ochoa/","https://www.britannica.com/biography/Ellen-Ochoa","medium","US-CONTEXT case deliberately chosen for the Hispanic label: born in Los Angeles, California; both parents US-born; grandparents were Mexicans from Sonora. Her Hispanic identity is documented publicly and institutionally (NASA and Britannica describe her as the first Hispanic woman in space), not inferred from the surname. AMBIGUITY WARNING: Hispanic vs HispanoLatino is not publicly documented by NamSor; both exist in its 139-class diaspora taxonomy, while the separate US-race taxonomy has a single HL (Hispanic or Latino) class. My criterion: Hispanic = US race/ethnicity context (US-born, US-raised Latino), HispanoLatino = Latin American/Spanish origin in general (see AF12). Evaluation should treat this pair as equivalent or analyse it separately. Author check: PhD Stanford (electrical engineering), co-inventor on three US optics patents and author of several technical papers per the NASA bio; she is more an engineer-administrator than a prolific academic, so confidence is medium. [auditado 2026-09-28] Hispanic y HispanoLatino son ambas clases reales que NamSor emite como top-1, pero no publica que las diferencia. Este dataset usa Hispanic para el contexto de raza/etnia estadounidense y HispanoLatino para origen latinoamericano en general; el scoring las colapsa (metricas *_collapsed) para no penalizar a la API por una distincion que no podemos verificar.","Africa_Americas"
"AF06","Shirley Ann Jackson","Shirley Ann","Jackson","United States","US","United States","US","AfricanAmerican","native","institutional_bio","Shirley Ann Jackson (born August 5, 1946) is an African American physicist ... the first African American woman to earn a doctorate at the Massachusetts Institute of Technology","https://en.wikipedia.org/wiki/Shirley_Ann_Jackson","https://www.technologyreview.com/2017/12/19/146775/the-remarkable-career-of-shirley-ann-jackson/","high","Only AfricanAmerican case in the set, as instructed. Evidence is explicit and abundant rather than name-inferred: born in Washington DC, universally and institutionally documented as the first African American woman to earn a doctorate from MIT; MIT Technology Review and Physics Today profiles cover her identity directly. HARD CASE for NamSor: Shirley / Jackson are indistinguishable from Anglo-American names, so a name-only classifier will most likely return British/English rather than AfricanAmerican. Author check: PhD thesis published in Annals of Physics (1975), theoretical condensed-matter papers from Bell Labs; National Medal of Science 2016.","Africa_Americas"
"AF07","Kwabena Boahen","Kwabena","Boahen","Ghana","GH","United States","US","Ghanaian","diaspora","birthplace_documented","Kwabena Boahen was born on 22 September 1964, in Accra, Ghana. ... He attended secondary school at Mfantsipim School in Cape Coast, Ghana","https://en.wikipedia.org/wiki/Kwabena_Boahen","https://engineering.stanford.edu/people/kwabena-boahen","high","Born and schooled in Ghana (Mfantsipim School, Cape Coast; Presbyterian Boys' SHS, Accra), left for undergraduate studies at Johns Hopkins in 1985. Son of the Ghanaian historian Albert Adu Boahen, which independently confirms the Ghanaian origin. Works in the US: Professor of Bioengineering and Electrical Engineering at Stanford, director of the Brains in Silicon lab; heavily cited neuromorphic-engineering publication record (Neurogrid). Akan day-name Kwabena is a strong Ghanaian signal, so this is an easy positive control.","Africa_Americas"
"AF08","Sossina M. Haile","Sossina","Haile","Ethiopia","ET","United States","US","Ethiopian","diaspora","self_description","I was born in Ethiopia. ... I was almost 10 when my sisters and I got out - our parents had left about seven months earlier","https://www.chemistryworld.com/culture/sossina-haile-i-never-resonated-with-role-models/4016223.article","https://eas-et.org/ethio-american-scientist-sossina-haile-awarded-2020-david-turnbull-lectureship/","high","Self-description in a Chemistry World interview: born in Ethiopia, grew up in Addis Ababa, family fled after the 1974 revolution and she reached the US around age 10. The Ethiopian Academy of Sciences (of which she is a Fellow) calls her an Ethio-American scientist. Works in the US: Walter P. Murphy Professor of Materials Science and Engineering at Northwestern (previously 18 years at Caltech). Author check: pioneer of solid acid fuel cells, Nature papers, David Turnbull Lectureship 2020. Caveat for analysis: she left Ethiopia as a child, so this is an origin-by-birth case, not a case of adult migration.","Africa_Americas"
"AF09","Tebello Nyokong","Tebello","Nyokong","Lesotho","LS","South Africa","ZA","Lesotho","diaspora","birthplace_documented","Born 20 October 1951, Maseru, Lesotho ... Nyokong obtained her bachelor's degree in both chemistry and biology from the National University of Lesotho in 1977","https://en.wikipedia.org/wiki/Tebello_Nyokong","http://africawomenexperts.com/lng/en/2020/03/tebello-nyokong-the-cancer-chemist/","high","Frequently described in the press simply as a South African chemist, which is why the documentary rule matters: she was born in Maseru, Lesotho, raised herding sheep in the Lesotho mountains, and took her BSc at the National University of Lesotho, only moving to Rhodes University (South Africa) in 1992. Sesotho name. Expected label Lesotho (NamSor taxonomy spelling), work_country ZA - a genuine intra-African diaspora case and a likely confusion with South African. Author check: 830+ manuscripts, FRS, Pontifical Academy of Sciences member, L'Oreal-UNESCO laureate.","Africa_Americas"
"AF10","Joseph-Achille Mbembe","Achille","Mbembe","Cameroon","CM","South Africa","ZA","Cameroonian","diaspora","birthplace_documented","Joseph-Achille Mbembe ... Born July 27, 1957, Otele, French Cameroon ... He was born in Cameroon","https://en.wikipedia.org/wiki/Achille_Mbembe","https://wiser.wits.ac.za/people/achille-mbembe","high","Born in Otele, Cameroon; PhD Paris 1 Pantheon-Sorbonne on anti-colonial resistance in Cameroon; his own institutional page at WISER states he was born in Cameroon. Works in South Africa: research professor at the Wits Institute for Social and Economic Research, Johannesburg - a second intra-African diaspora case with a non-Western destination. Name note: he publishes as Achille Mbembe (the full given name is Joseph-Achille), so the API gets firstName=Achille, lastName=Mbembe. Author check: On the Postcolony, Critique of Black Reason, Necropolitics; Holberg Prize laureate.","Africa_Americas"
"AF11","Yvette Bonny","Yvette","Bonny","Haiti","HT","Canada","CA","Haitian","diaspora","birthplace_documented","Docteure Yvette Bonny est née à Haïti. Elle a commencé ses études en médecine en 1954 et obtient son diplôme en 1959","https://en.wikipedia.org/wiki/Yvette_Bonny","https://www.moishistoiredesnoirs.com/laureates/dr-yvette-bonny","high","Born in Port-au-Prince and trained in medicine at the University of Haiti before emigrating to Quebec in 1961-62; professor in the Faculty of Medicine, Universite de Montreal from 1972-78 onward, head of the paediatric bone-marrow transplant unit at Hopital Maisonneuve-Rosemont (she performed Quebec's first bone marrow transplant, 1980); Member of the Order of Canada. HARD CASE: a French-looking given name and a short surname on a Haitian of African descent - NamSor may return French. Author check: co-author (Y Bonny, Unite de Greffe de Moelle Osseuse, Maisonneuve-Rosemont) of a Journal of Clinical Investigation paper on malignant osteopetrosis, jci.org/articles/view/118984; caveat, the by-line gives the initial only, though the unit and role match exactly. [corregido 2026-09-28] la evidence_quote anterior concatenaba una parafrasis del infobox de Wikipedia con una frase de la fuente francesa, asi que no era literal en ninguna de las dos por separado. Sustituida por la frase literal de source_url_2, verificada. El detalle de ciudad (Port-au-Prince, 20-07-1938) consta en el infobox de source_url_1, que corrobora el nacimiento en Haiti.","Africa_Americas"
"AF12","Francisco J. Varela","Francisco","Varela","Chile","CL","France","FR","HispanoLatino","diaspora","birthplace_documented","Born 7 September 1946, Talcahuano, Chile ... a Chilean biologist, philosopher, cybernetician, and neuroscientist","https://en.wikipedia.org/wiki/Francisco_Varela","https://www.scielo.cl/scielo.php?script=sci_arttext&pid=S0716-97602003000100002","high","Born in Talcahuano, Chile; licenciatura in biology at the Universidad de Chile with Humberto Maturana (undergraduate education in the country of origin); from 1988 until his death in 2001 Director of Research at the CNRS in Paris, so work_country=FR at the end of his career. Author check: autopoiesis, The Embodied Mind, Principles of Biological Autonomy; obituary in Biological Research (SciELO Chile). LABEL AMBIGUITY: assigned HispanoLatino rather than Hispanic under my criterion (HispanoLatino = Latin American / Spanish origin in general; Hispanic = US race-ethnicity context, see AF05). NamSor does not publicly document the difference, so the pair should be scored as equivalent or analysed apart. Chilean double surname: full name Francisco Javier Varela Garcia, but he always published as Francisco J. Varela, so the API gets lastName=Varela only. [auditado 2026-09-28] Hispanic y HispanoLatino son ambas clases reales que NamSor emite como top-1, pero no publica que las diferencia. Este dataset usa Hispanic para el contexto de raza/etnia estadounidense y HispanoLatino para origen latinoamericano en general; el scoring las colapsa (metricas *_collapsed) para no penalizar a la API por una distincion que no podemos verificar.","Africa_Americas"
"AF13","Robert Mokaya","Robert","Mokaya","Kenya","KE","United Kingdom","GB","Kenyan","diaspora","birthplace_documented","Robert was born and raised in Kenya and obtained his first degree in Chemistry from the University of Nairobi.","https://royalsociety.org/people/robert-mokaya-10087/","https://en.wikipedia.org/wiki/Robert_Mokaya","high","Royal Society fellow profile states he was born and raised in Kenya, with a BSc in Chemistry from the University of Nairobi (1988) and a year at Unilever Kenya before a PhD at Cambridge. Works in the UK: Professor of Materials Chemistry (Nottingham from 2000, later Sheffield) and President of the Royal Society of Chemistry from 2025. Author check: JACS, Advanced Materials and J. Mater. Chem. A papers on porous carbons and hydrogen storage. Name note: Mokaya is a Gusii (Kisii) surname while Robert is an English given name - a mixed-signal case where NamSor may split between British and an African class. [auditado 2026-09-28] puesto actual: emerito en Sheffield desde 2025-09-01 y en la RSC; work_country_iso2 sigue siendo GB.","Africa_Americas"
"LA01","Antonio Lazcano Araujo","Antonio","Lazcano","Mexico","MX","Mexico","MX","HispanoLatino","native","birthplace_documented","Nació en Tijuana, Baja California, el 10 de abril de 1950. Estudió la licenciatura en Biología en la Facultad de Ciencias de la UNAM, donde posteriormente obtuvo el grado de doctor en Ciencias.","https://colnal.mx/integrantes/antonio-lazcano-araujo/","https://es.wikipedia.org/wiki/Antonio_Lazcano_Araujo","high","Apellidos compuestos completos: Lazcano Araujo (paterno Lazcano, materno Araujo); nombre de nacimiento registrado Antonio Eusebio Lazcano Araujo Reyes. Firma y publica siempre como 'Antonio Lazcano' (solo apellido paterno), que es lo que va en last_name. Origen documentado en la ficha de El Colegio Nacional (academia nacional mexicana): nacido en Tijuana, Baja California. Licenciatura y doctorado completos en la Facultad de Ciencias de la UNAM, donde es profesor emerito y dirige el Laboratorio de Origen de la Vida; investigador nacional nivel III del Conacyt. Autoria verificada en Crossref (p.ej. 10.1021/acsnano.8b07605).","LatAm"
"LA02","Sandra Myrna Díaz","Sandra","Díaz","Argentina","AR","Argentina","AR","HispanoLatino","native","birthplace_documented","La bellvillense Sandra Díaz ingresa a una de las academias científicas más antigua del mundo.","https://bellville.gob.ar/?p=31791","https://es.wikipedia.org/wiki/Sandra_Myrna_D%C3%ADaz","high","Nombre completo Sandra Myrna Diaz: 'Myrna' es segundo nombre, NO apellido materno; el apellido unico es Diaz y asi publica ('Sandra Diaz' / 'S. Diaz'), por eso last_name = Diaz. Origen documentado: nacida el 27 de octubre de 1961 en Bell Ville, provincia de Cordoba, Argentina; el municipio de Bell Ville la llama 'bellvillense'. Licenciatura (1984) y doctorado (1989) en la Universidad Nacional de Cordoba: educacion completa en el pais de origen. Trabaja en su pais: investigadora superior del CONICET (IMBIV) y profesora titular en la UNC; copresidio la Evaluacion Global de IPBES. Autoria verificada en Crossref (p.ej. 10.2307/2845923).","LatAm"
"LA03","Rodolfo Llinás Riascos","Rodolfo","Llinás","Colombia","CO","United States","US","HispanoLatino","diaspora","self_description","I was born in Bogota on December 16, 1934. I have dedicated all my life to research in the area of Neuroscience. I studied medicine at the Universidad Javeriana and afterwards obtained my doctorate at the National University of Australia.","https://rodolfollinas.com/en/home-4/biography.html","https://en.wikipedia.org/wiki/Rodolfo_Llin%C3%A1s","high","Apellidos compuestos: Llinas Riascos (paterno Llinas, materno Riascos). Publica y firma como 'Rodolfo R. Llinas' o 'Rodolfo Llinas', solo con el apellido paterno, que es lo que se pone en last_name. Evidencia es autodescripcion en primera persona en su sitio personal: nacido en Bogota; MD por la Pontificia Universidad Javeriana (Bogota, 1959), o sea pregrado en el pais de origen. Diaspora a EE.UU.: Thomas and Suzanne Murphy Professor of Neuroscience y chairman emerito de Physiology & Neuroscience en la NYU Grossman School of Medicine. Mas de 800 articulos; autoria verificada en Crossref.","LatAm"
"LA04","Barton Zwiebach Cantor","Barton","Zwiebach","Peru","PE","United States","US","HispanoLatino","diaspora","nationality_documented","Una cálida bienvenida recibió el físico peruano Barton Zwiebach Cantor, el mejor alumno de la Universidad Nacional de Ingeniería (UNI) en toda su historia, al volver a su alma mater.","https://andina.pe/agencia/noticia-barton-zwiebach-fisico-peruano-y-docente-el-mit-regresa-a-uni-sus-150-anos-1088289.aspx","https://en.wikipedia.org/wiki/Barton_Zwiebach","high","TRAMPA_LINGUISTICA: apellido paterno Zwiebach, de raiz germano-asquenazi (familia judia asentada en Peru); apellido materno Cantor, tambien de raiz no iberica. Publica exclusivamente como 'Barton Zwiebach', sin el materno, por eso last_name = Zwiebach. La etiqueta esperada sigue siendo HispanoLatino por origen nacional documentado, no por la raiz del apellido. Origen: nacido en Lima el 4 de octubre de 1954; curso Ingenieria Electrica en la Universidad Nacional de Ingenieria (Lima) y egreso en 1977 con el promedio mas alto en la historia de la UNI; la agencia estatal peruana Andina lo llama 'el fisico peruano'. Diaspora a EE.UU.: profesor de Fisica en el MIT. Autoria verificada en Crossref.","LatAm"
"LA05","Eugenia María del Pino Veintimilla","Eugenia","del Pino","Ecuador","EC","Ecuador","EC","HispanoLatino","native","birthplace_documented","Del Pino was born and grew up in Quito, Ecuador.","https://en.wikipedia.org/wiki/Eugenia_del_Pino","https://www.primicias.ec/noticias/tecnologia/eugenia-pino-latinoamericana-ganar-premio-biologia/","high","Apellidos compuestos: del Pino Veintimilla (paterno 'del Pino' con particula, materno Veintimilla). Publica como 'Eugenia M. del Pino', solo con el paterno incluida la particula; por eso last_name = 'del Pino'. Ojo con la API: la particula 'del' puede tratarse como token separado y alterar el resultado. Origen documentado: nacida y criada en Quito (19/04/1945); licenciatura en la PUCE en 1967, pregrado en el pais de origen. Trabaja en su pais: Pontificia Universidad Catolica del Ecuador, Quito. Primera ciudadana ecuatoriana elegida a la National Academy of Sciences de EE.UU. (2006) y Premio Nacional Eugenio Espejo. Autoria verificada en Crossref (p.ej. 10.26807/remcb.v31i1-2.46).","LatAm"
"LA06","Rafael Rojas Gutiérrez","Rafael","Rojas","Cuba","CU","Mexico","MX","HispanoLatino","diaspora","birthplace_documented","Rafael Rojas (Santa Clara, Cuba, 1965). Historiador y ensayista. Licenciado en Filosofía por la Universidad de La Habana y Doctor en Historia por El Colegio de México.","https://www.academiamh.com.mx/miembros/rafael-rojas-gutierrez/","https://es.wikipedia.org/wiki/Rafael_Rojas_Guti%C3%A9rrez","high","Apellidos compuestos: Rojas Gutierrez (paterno Rojas, materno Gutierrez). Publica y firma libros y articulos como 'Rafael Rojas', solo con el paterno, que es lo que va en last_name. Origen documentado en la ficha de miembro de la Academia Mexicana de la Historia: nacido en Santa Clara, Cuba, 1965; licenciatura en Filosofia por la Universidad de La Habana, pregrado en el pais de origen. Diaspora a Mexico, no a EE.UU.: profesor-investigador del CIDE desde 1996 y desde 2019 en El Colegio de Mexico, donde dirige el Centro de Estudios Historicos. Autoria verificada en Crossref (p.ej. 10.24201/hm.v71i4.4096).","LatAm"
"LA07","Roberto Markarian Abrahamian","Roberto","Markarian","Uruguay","UY","Uruguay","UY","HispanoLatino","native","nationality_documented","Roberto Markarian Abrahamian (12 December 1946) is a Uruguayan mathematician of Armenian descent, expert in dynamical systems and chaos theory","https://en.wikipedia.org/wiki/Roberto_Markarian","https://historiasuniversitarias.edu.uy/biografia/markarian-roberto/","high","TRAMPA_LINGUISTICA: los dos apellidos son de raiz armenia (paterno Markarian, materno Abrahamian), producto de la inmigracion armenia al Uruguay; su hermano es el entrenador Sergio Markarian. La etiqueta esperada sigue siendo HispanoLatino por origen nacional, no por la ascendencia del apellido. Publica y firma como 'Roberto Markarian', solo el paterno, de ahi last_name = Markarian. Origen documentado: la ficha del Archivo General de la Universidad (historiasuniversitarias.edu.uy) registra lugar de nacimiento Montevideo y fecha 12 de diciembre de 1946; estudios iniciales en la Facultad de Ingenieria de la Universidad de la Republica. Trabaja en su pais: profesor titular del IMERL (Facultad de Ingenieria, UdelaR) y rector de la Universidad de la Republica 2014-2018. Autoria verificada en Crossref (p.ej. 10.1007/bf01218478).","LatAm"
"LA08","Barlin Orlando Olivares Campos","Barlin","Olivares","Venezuela","VE","Spain","ES","HispanoLatino","diaspora","birthplace_documented","el científico de datos Barlin Orlando Olivares Campos, oriundo del estado Aragua y actualmente adscrito a la Universidad de Córdoba en España","https://fm.uc.edu.ve/2025/11/11/barlin-olivares-el-cientifico-venezolano-que-ingreso-al-ranking-mundial-del-2-de-investigadores-mas-influyentes/08/","https://www.uco.es/servicios/actualidad/ciencia/item/155817-el-csic-reconoce-al-doctor-de-la-uco-barlin-orlando-olivares-con-el-premio-a-la-tesis-doctoral-relevante","high","Nombre completo Barlin Orlando Olivares Campos: 'Orlando' es segundo nombre y 'Campos' el apellido materno. Crossref y Google Scholar lo indexan como given='Barlin Orlando', family='Olivares' (verificado en 10.17163/lgr.n27.2018.07), por lo que last_name = Olivares y first_name = Barlin. Origen documentado por la emisora institucional de la Universidad de Carabobo: oriundo del estado Aragua, Venezuela; ingeniero agronomo por la Universidad Central de Venezuela (pregrado en el pais de origen). Diaspora a Espana, no a EE.UU.: doctorado (2021) e investigador postdoctoral en la Universidad de Cordoba; en la nota institucional de la UCO el propio investigador habla de 'su natal Venezuela'. Autoria verificada en Crossref.","LatAm"
"LA09","Carlos Afonso Nobre","Carlos","Nobre","Brazil","BR","Brazil","BR","Portuguese","native","nationality_documented","Carlos Afonso Nobre (born March 27, 1951) is a Brazilian scientist and meteorologist","https://en.wikipedia.org/wiki/Carlos_Nobre_(scientist)","https://www.abc.org.br/membro/carlos-afonso-nobre/","high","Nombre brasileno, sin apellido materno al estilo hispano: 'Afonso' es segundo nombre y 'Nobre' el apellido de familia; publica como 'Carlos A. Nobre' o 'Carlos Nobre', asi que last_name = Nobre. Origen documentado: la ficha de miembro de la Academia Brasileira de Ciencias registra Nascimento 27/03/1951 y Nacionalidade Brasileira; graduacion en ingenieria electronica en el ITA (Brasil, 1974), pregrado en el pais de origen. Trabaja en Brasil: pesquisador senior del INPE y titular de la Catedra Clima e Sustentabilidade del IEA-USP. Etiqueta esperada Portuguese porque NamSor no tiene clase brasilena. Autoria verificada en Crossref.","LatAm"
"LA10","Artur Avila Cordeiro de Melo","Artur","Avila","Brazil","BR","Switzerland","CH","Portuguese","diaspora","birthplace_documented","is an internationally renowned mathematician who was born in Rio de Janeiro, Brazil, in 1979","https://www.news.uzh.ch/en/articles/2018/Artur-Avila.html","https://en.wikipedia.org/wiki/Artur_Avila","high","Nombre completo Artur Avila Cordeiro de Melo. Caso relevante para el split first/last: publica y firma solo como 'Artur Avila', usando un apellido intermedio y descartando el final 'Cordeiro de Melo', de modo que last_name = Avila y NO 'de Melo'. Origen documentado en la nota oficial de la Universidad de Zurich: nacido en Rio de Janeiro, Brasil, en 1979; BS en la Universidade Federal do Rio de Janeiro y MS/PhD en el IMPA, toda la formacion en Brasil. Diaspora a Suiza, no a EE.UU.: catedratico del Instituto de Matematicas de la Universidad de Zurich desde el 1 de septiembre de 2018; antes director de investigacion del CNRS en Francia y naturalizado frances, lo que se anota pero no cambia el origen documentado. Medalla Fields 2014. Autoria verificada en Crossref.","LatAm"
